Location;Name;InfType;WorkersCount;OpenData;CloseDate;Tourists;AvPrice;Tourists2022;Tourists2021;Tourists2020;Tourists2019;Tourists20218;Tourists2017;Tourists2016
г. Вельск ;«Рандеву»;Кафе;4;круглогодично;круглогодично;100;250;30000;30000;20000;20000;17000;0;0
г. Вельск ;«Уют»;столовая;3;круглогодично;круглогодично;200;200;70000;60000;50000;40000;40000;35000;35000
п. Игнатовка;«Визит»;кафе;3;круглогодично;круглогодично;50;200;18000;15000;15000;10000;10000;10000;5000
д. Погореловская;«Уют»;кафе;6;круглогодично;круглогодично;100;250;30000;30000;30000;25000;25000;29000;20000
д. Малая  Липовка;кафе;кафе;3;круглогодично;круглогодично;50;200;15000;10000;10000;10000;7000;6000;7000
с.Благовещенск;«Важские зори»;кафе;4;круглогодично;круглогодично;50;200;16000;15000;13000;12000;10000;7000;6000
д. Леушинская;«Экспресс»;кафе;1;круглогодично;круглогодично;50;150;15000;14000;13000;10000;10000;8000;8000
с. Долматово;«Дорожное»;кафе;2;круглогодично;круглогодично;100;200;30000;27000;25000;20000;20000;20000;20000
с. Долматово;«790 км»;кафе;2;круглогодично;круглогодично;200;250;40000;40000;35000;35000;30000;30000;25000
г.Вельск;«Огни Вельска»;кафе;10;круглогодично;круглогодично;200;200;65000;60000;50000;45000;40000;35000;35000
д. Вороновская;«Все свои»;ресторан;10;круглогодично;круглогодично;100;300;10000;0;0;0;0;0;0
г. Вельск ; «Шафран»;ресторан;3;круглогодично;круглогодично;50;300;40000;40000;35000;35000;0;0;0
г. Вельск ;«Капучита»;кофейня;1;круглогодично;круглогодично;150;150;25000;25000;0;0;0;0;0
г. Вельск ;«Кубок чемпионов»;кафе;2;круглогодично;круглогодично;100;150;15000;15000;15000;10000;12000;12000;10000
г. Вельск ;столовая;столовая;2;круглогодично;круглогодично;100;200;20000;20000;15000;15000;14000;13000;12000
г. Вельск ;«Суши рай»;кафе;12;круглогодично;круглогодично;150;300;35000;35000;30000;25000;20000;0;0
г. Вельск ;«Север»;ресторан;7;круглогодично;круглогодично;50;250;30000;35000;30000;25000;20000;20000;16000
г. Вельск ;«Манго»;кафе;3;круглогодично;круглогодично;50;250;15000;15000;14000;13000;13000;0;0
г. Вельск ;«Погребок»;бар;1;круглогодично;круглогодично;50;200;30000;30000;25000;20000;20000;0;0
д. Филяевская;«Азербайджан»;кафе;2;круглогодично;круглогодично;200;350;65000;65000;60000;60000;55000;55000;50000
д. Шиловская; «Колесо»;кафе;6;круглогодично;круглогодично;200;300;70000;65000;65000;50000;50000;48000;45000
г. Вельск ;«Юрьево Подворье»;ресторан;7;круглогодично;круглогодично;50;400;50000;45000;45000;43000;39000;37000;35000
г. Вельск ;«СССР»;кафе;5;круглогодично;круглогодично;150;300;65000;60000;60000;56000;55000;45000;0
п. Кулой;Буфет ведомст;буфет;1;круглогодично;круглогодично;50;200;15000;15000;10000;10000;10000;0;0
г. Вельск ;Блинная;кафе;4;круглогодично;круглогодично;100;200;45000;15000;0;0;0;0;0
д. Шиловская;Кафе 114 км;кафе;3;круглогодично;круглогодично;150;300;50000;50000;45000;46000;40000;36000;35000
г. Вельск ;«Hampi»;кафе;2;круглогодично;круглогодично;100;350;35000;30000;30000;0;0;0;0
г. Вельск ; «Додо пицца»;кафе;6;круглогодично;круглогодично;200;350;70000;68000;65000;60000;57000;55000;0
г. Вельск ;«Динозаврия»;кафетерий;1;круглогодично;круглогодично;200;350;60000;55000;55000;50000;45000;40000;36000
г. Вельск ;«Хот дог»;закусочная;1;круглогодично;круглогодично;50;200;15000;10000;0;0;0;0;0
г. Вельск ;«Вагарден»;ресторан;8;круглогодично;круглогодично;200;400;73000;70000;65000;56000;50000;0;0
г. Вельск ;«Троицкая»;кофейня;6;круглогодично;круглогодично;200;400;70000;70000;65000;64000;60000;0;0
г. Вельск ;«Суши-шоп»;кафе;2;круглогодично;круглогодично;200;300;60000;55000;50000;46000;0;0;0
г. Вельск ; «MAKI YAMA»;кафе;8;круглогодично;круглогодично;200;300;65000;65000;47000;45000;40000;0;0
г. Вельск ;Суши маркет;кафе;6;круглогодично;круглогодично;150;300;57000;50000;45000;0;0;0;0
г. Вельск ;« Шаурма»;киоск;2;круглогодично;круглогодично;50;200;25000;23000;0;0;0;0;0
г. Вельск ;«HOOKAN ROOM”;бар;5;круглогодично;круглогодично;150;300;45000;0;0;0;0;0;0
г. Вельск ;«Бульвар»;ресторан;3;круглогодично;круглогодично;200;300;65000;64000;60000;50000;0;0;0
г. Вельск ; «Фантазия»;столовая;5;круглогодично;круглогодично;200;200;57000;55000;50000;50000;45000;40000;35000
г. Вельск ;«Эра»;кафе;4;круглогодично;круглогодично;200;300;65000;60500;64000;60000;0;0;0
г. Вельск ; «STREET FOOD»;кафе;1;круглогодично;круглогодично;150;250;46000;0;0;0;0;0;0
г. Вельск ;Столовая при ЦРБ;столовая;2;круглогодично;круглогодично;100;150;25000;25000;20000;20000;20000;15000;15000
г. Вельск ;«Сохатый лось»;рестобар;5;круглогодично;круглогодично;200;300;39000;0;0;0;0;0;0
город Онега;Ресторан «Старый город»;Ресторан;8;круглогодично;круглогодично;нет данных;нет данных;нет данных;нет данных;нет данных;нет данных;нет данных;нет данных;нет данных
город Онега;Столовая Дворец спорта;Столовая;6;круглогодично;круглогодично;нет данных;нет данных;нет данных;нет данных;нет данных;нет данных;нет данных;нет данных;нет данных
город Онега;Столовая «Беломорочка»;Столовая;15;круглогодично;круглогодично;нет данных;нет данных;нет данных;нет данных;нет данных;нет данных;нет данных;нет данных;нет данных
город Онега;Кафе «Любимый дворик»;Кафе;12;круглогодично;круглогодично;нет данных;нет данных;нет данных;нет данных;нет данных;нет данных;нет данных;нет данных;нет данных
город Онега;Кафе «Трактир на Соборном»;Ресторан;15;круглогодично;круглогодично;нет данных;нет данных;нет данных;нет данных;нет данных;нет данных;нет данных;нет данных;нет данных
город Онега;Кафе «Аленушка»;Кафе;1;круглогодично;круглогодично;нет данных;нет данных;нет данных;нет данных;нет данных;нет данных;нет данных;нет данных;нет данных
город Онега;Кафе «Час Пик»;Кафе;1;круглогодично;круглогодично;нет данных;нет данных;нет данных;нет данных;нет данных;нет данных;нет данных;нет данных;нет данных
город Онега;Кулинария «Смак»;Кафе;11;круглогодично;круглогодично;нет данных;нет данных;нет данных;нет данных;нет данных;нет данных;нет данных;нет данных;нет данных
город Онега;Кафе «На 4 этаже»;Кафе;1;круглогодично;круглогодично;нет данных;нет данных;нет данных;нет данных;нет данных;нет данных;нет данных;нет данных;нет данных
город Онега;Кафе «Сытый Панда»;Кафе;1;круглогодично;круглогодично;нет данных;нет данных;нет данных;нет данных;нет данных;нет данных;нет данных;нет данных;нет данных
город Онега;Кафе «Робин-Бобин»;Кафе;2;круглогодично;круглогодично;нет данных;нет данных;нет данных;нет данных;нет данных;нет данных;нет данных;нет данных;нет данных
город Онега;Кафе «Китаки»;Кафе;8;круглогодично;круглогодично;нет данных;нет данных;нет данных;нет данных;нет данных;нет данных;нет данных;нет данных;нет данных
город Онега;Кафе-бар «Гараж»;Кафе;1;круглогодично;круглогодично;нет данных;нет данных;нет данных;нет данных;нет данных;нет данных;нет данных;нет данных;нет данных
город Онега;Кафе в магазине «Рочевский»;Кафе;6;круглогодично;круглогодично;нет данных;нет данных;нет данных;нет данных;нет данных;нет данных;нет данных;нет данных;нет данных
город Онега;Буфет при АО «Онежский ЛДК»;Кафе;1;круглогодично;круглогодично;нет данных;нет данных;нет данных;нет данных;нет данных;нет данных;нет данных;нет данных;нет данных
город Онега;Буфет при Онежской ЦРБ;Кафе;3;круглогодично;круглогодично;нет данных;нет данных;нет данных;нет данных;нет данных;нет данных;нет данных;нет данных;нет данных
поселок Малошуйка;Дом отдыха локомотивных бригад, Столовая № 11;Столовая;9;круглогодично;круглогодично;нет данных;нет данных;нет данных;нет данных;нет данных;нет данных;нет данных;нет данных;нет данных
поселок Малошуйка;Кафе-бар «Счастье»;Кафе;2;круглогодично;круглогодично;нет данных;нет данных;нет данных;нет данных;нет данных;нет данных;нет данных;нет данных;нет данных
поселок Глазаниха;Кафе «Надежда»;Кафе;1;круглогодично;круглогодично;нет данных;нет данных;нет данных;нет данных;нет данных;нет данных;нет данных;нет данных;нет данных
Город Новодвинск;«Мечта»;Кафе;10;круглогодично;круглогодично;100;600;8000;6000;1000;3000;4000;0;0
Город Новодвинск;«Двина»;Кафе;7;круглогодично;круглогодично;50;500;4000;3000;500;1000;1500;0;0
Город Новодвинск;«Элар»;Кафе;3;круглогодично;круглогодично;30;300;4000;3000;500;1000;1500;0;0
Город Новодвинск;Столовая № 1 ООО «Престиж-кафе»;Столовая;20;круглогодично;круглогодично;150;250;8000;6000;1000;3000;4000;0;0
Город Новодвинск;«Парфе»;Кафе;3;круглогодично;круглогодично;50;500;3000;2500;1500;0;0;0;0
Город Новодвинск;«Шоколад»;Кафе;3;круглогодично;круглогодично;100;500;8000;6000;1000;3000;4000;0;0
Город Коряжма;"Кафе ""Весна""";Кафе;5;круглогодично;круглогодично;200;200;50000;нет данных;нет данных;нет данных;нет данных;нет данных;нет данных
Город Коряжма;"Кафе ""Ориент""";кафе;6;круглогодично;круглогодично;150;200;37000;нет данных;нет данных;нет данных;нет данных;нет данных;нет данных
Город Коряжма;"Пиццерия ""Терраса""";кафе;10;круглогодично;круглогодично;50;250;18000;нет данных;нет данных;нет данных;нет данных;нет данных;нет данных
Город Коряжма;"Кафе ""Паннорама""";кафе;15;круглогодично;круглогодично;50;250;18000;нет данных;нет данных;нет данных;нет данных;нет данных;нет данных
Город Коряжма;"Ресторан ""Рандеву""";ресторан;10;круглогодично;круглогодично;150;300;30000;нет данных;нет данных;нет данных;нет данных;нет данных;нет данных
Город Коряжма;"Ресторан ""Lomonosov""";ресторан;10;круглогодично;круглогодично;50;300;10000;нет данных;нет данных;нет данных;нет данных;нет данных;нет данных
с. Красноборск;Время обедать;Кафе;4;круглогодично;круглогодично;100;250;нет данных;нет данных;0;0;0;0;0
с. Красноборск;Атмосфера ;Кафе;3;круглогодично;круглогодично;100;250;нет данных;0;0;0;0;0;0
д. Крицовская;Кафе на II-ом;Кафе;3;круглогодично;круглогодично;50;250;нет данных;0;0;0;0;0;0
с. Черевково Красноборский район;Мельница;Кафе;2;круглогодично;круглогодично;50;250;нет данных;нет данных;нет данных;0;0;0;0
д. Малая Наговицинская;У Семёныча;Кафе;2;круглогодично;круглогодично;50;250;нет данных;нет данных;нет данных;нет данных;0;0;0
с. Красноборск;КрендельОК;Кафе;4;круглогодично;круглогодично;30;250;нет данных;нет данных;нет данных;0;0;0;0
д. Тимошинская;Капитан;Кафе;2;круглогодично;круглогодично;50;250;нет данных;нет данных;нет данных;нет данных;нет данных;нет данных;нет данных
"Городской округ ""Город Архангельск""";Ресторан «El Fuego»;Ресторан;15;круглогодично;круглогодично;нет данных;нет данных;нет данных;нет данных;нет данных;нет данных;нет данных;нет данных;нет данных
"Городской округ ""Город Архангельск""";Ресторан «Беломорский»;Ресторан;12;круглогодично;круглогодично;нет данных;нет данных;нет данных;нет данных;нет данных;нет данных;нет данных;нет данных;нет данных
"Городской округ ""Город Архангельск""";Первый банкетный ресторан ;Ресторан;5;круглогодично;круглогодично;нет данных;нет данных;нет данных;нет данных;нет данных;нет данных;нет данных;нет данных;нет данных
"Городской округ ""Город Архангельск""";Ресторан «Летний сад»;Ресторан;11;круглогодично;круглогодично;нет данных;нет данных;нет данных;нет данных;нет данных;нет данных;нет данных;нет данных;нет данных
"Городской округ ""Город Архангельск""";Ресторан «Зимний сад»;Ресторан;14;круглогодично;круглогодично;нет данных;нет данных;нет данных;нет данных;нет данных;нет данных;нет данных;нет данных;нет данных
"Городской округ ""Город Архангельск""";Ресторан «Поморский»;Ресторан;15;круглогодично;круглогодично;нет данных;нет данных;нет данных;нет данных;нет данных;нет данных;нет данных;нет данных;нет данных
"Городской округ ""Город Архангельск""";Ресторан «Почтовая контора 1786 год»;Ресторан;20;круглогодично;круглогодично;нет данных;нет данных;нет данных;нет данных;нет данных;нет данных;нет данных;нет данных;нет данных
"Городской округ ""Город Архангельск""";Ресторан «Паратов»;Ресторан;20;круглогодично;круглогодично;нет данных;нет данных;нет данных;нет данных;нет данных;нет данных;нет данных;нет данных;нет данных
"Городской округ ""Город Архангельск""";Ресторан «Старый город Баку»;Ресторан;6;круглогодично;круглогодично;нет данных;нет данных;нет данных;нет данных;нет данных;нет данных;нет данных;нет данных;нет данных
"Городской округ ""Город Архангельск""";Ресторан «Лофт-проект «Слон»;Ресторан;15;круглогодично;круглогодично;нет данных;нет данных;нет данных;нет данных;нет данных;нет данных;нет данных;нет данных;нет данных
"Городской округ ""Город Архангельск""";Бар «Луна» в ТРЦ «Экватор»;Кафе;9;круглогодично;круглогодично;нет данных;нет данных;нет данных;нет данных;нет данных;нет данных;нет данных;нет данных;нет данных
"Городской округ ""Город Архангельск""";Пивной ресторан «Бочка»;Ресторан;30;круглогодично;круглогодично;нет данных;нет данных;нет данных;нет данных;нет данных;нет данных;нет данных;нет данных;нет данных
"Городской округ ""Город Архангельск""";Ресторан «Ковчег»;Ресторан;20;круглогодично;круглогодично;нет данных;нет данных;нет данных;нет данных;нет данных;нет данных;нет данных;нет данных;нет данных
"Городской округ ""Город Архангельск""";Ресторан «Гранат»;Ресторан;12;круглогодично;круглогодично;нет данных;нет данных;нет данных;нет данных;нет данных;нет данных;нет данных;нет данных;нет данных
"Городской округ ""Город Архангельск""";Рестобар «КитаЯма»;Ресторан;9;круглогодично;круглогодично;нет данных;нет данных;нет данных;нет данных;нет данных;нет данных;нет данных;нет данных;нет данных
"Городской округ ""Город Архангельск""";"Ресторан ""Генацвале""";Ресторан;15;круглогодично;круглогодично;нет данных;нет данных;нет данных;нет данных;нет данных;нет данных;нет данных;нет данных;нет данных
"Городской округ ""Город Архангельск""";"Суши-ресторан ""РИНКАН"" ";Ресторан;6;круглогодично;круглогодично;нет данных;нет данных;нет данных;нет данных;нет данных;нет данных;нет данных;нет данных;нет данных
"Городской округ ""Город Архангельск""";"Ресторан ""REKA""";Ресторан;30;круглогодично;круглогодично;нет данных;нет данных;нет данных;нет данных;нет данных;нет данных;нет данных;нет данных;нет данных
"Городской округ ""Город Архангельск""";"Ресторан ""Жаркий"" в ТЦ ""Кронштадт""";Ресторан;10;круглогодично;круглогодично;нет данных;нет данных;нет данных;нет данных;нет данных;нет данных;нет данных;нет данных;нет данных
"Городской округ ""Город Архангельск""";"Ресторан ""Иль Густо""";Ресторан;50;круглогодично;круглогодично;нет данных;нет данных;нет данных;нет данных;нет данных;нет данных;нет данных;нет данных;нет данных
"Городской округ ""Город Архангельск""";"Ресторан ""BAZAR""";Ресторан;30;круглогодично;круглогодично;нет данных;нет данных;нет данных;нет данных;нет данных;нет данных;нет данных;нет данных;нет данных
"Городской округ ""Город Архангельск""";"Семейный ресторан ""Пицца Фабрика""";Кафе;20;круглогодично;круглогодично;нет данных;нет данных;нет данных;нет данных;нет данных;нет данных;нет данных;нет данных;нет данных
"Городской округ ""Город Архангельск""";Английский паб  «Локк  Сток»;Ресторан;10;круглогодично;круглогодично;нет данных;нет данных;нет данных;нет данных;нет данных;нет данных;нет данных;нет данных;нет данных
"Городской округ ""Город Архангельск""";Британский паб «Честер»;Ресторан;11;круглогодично;круглогодично;нет данных;нет данных;нет данных;нет данных;нет данных;нет данных;нет данных;нет данных;нет данных
"Городской округ ""Город Архангельск""";"Ресторан ""Армения""";Ресторан;6;круглогодично;круглогодично;нет данных;нет данных;нет данных;нет данных;нет данных;нет данных;нет данных;нет данных;нет данных
"Городской округ ""Город Архангельск""";"Бар ""BEER&HONEY""";бар;6;круглогодично;круглогодично;нет данных;нет данных;нет данных;нет данных;нет данных;нет данных;нет данных;нет данных;нет данных
"Городской округ ""Город Архангельск""";Ночной клуб «Пеликан»;бар;14;круглогодично;круглогодично;нет данных;нет данных;нет данных;нет данных;нет данных;нет данных;нет данных;нет данных;нет данных
"Городской округ ""Город Архангельск""";"Гриль-бар ""Птица-рыба""";Кафе;6;круглогодично;круглогодично;нет данных;нет данных;нет данных;нет данных;нет данных;нет данных;нет данных;нет данных;нет данных
"Городской округ ""Город Архангельск""";Пивной бар «Берлога»;бар;3;круглогодично;круглогодично;нет данных;нет данных;нет данных;нет данных;нет данных;нет данных;нет данных;нет данных;нет данных
"Городской округ ""Город Архангельск""";Бар «Глав Пив бар»;бар;2;круглогодично;круглогодично;нет данных;нет данных;нет данных;нет данных;нет данных;нет данных;нет данных;нет данных;нет данных
"Городской округ ""Город Архангельск""";Ночной клуб «Эксклюзив»;бар;10;круглогодично;круглогодично;нет данных;нет данных;нет данных;нет данных;нет данных;нет данных;нет данных;нет данных;нет данных
"Городской округ ""Город Архангельск""";Бар «Чердак» в ТРК «Европарк»;Ресторан;12;круглогодично;круглогодично;нет данных;нет данных;нет данных;нет данных;нет данных;нет данных;нет данных;нет данных;нет данных
"Городской округ ""Город Архангельск""";Гастро-паб «Студия-17»;бар;9;круглогодично;круглогодично;нет данных;нет данных;нет данных;нет данных;нет данных;нет данных;нет данных;нет данных;нет данных
"Городской округ ""Город Архангельск""";"Лаундж-бар ""Come in""";бар;6;круглогодично;круглогодично;нет данных;нет данных;нет данных;нет данных;нет данных;нет данных;нет данных;нет данных;нет данных
"Городской округ ""Город Архангельск""";Бургерная «Beef&Beer»;Кафе;3;круглогодично;круглогодично;нет данных;нет данных;нет данных;нет данных;нет данных;нет данных;нет данных;нет данных;нет данных
"Городской округ ""Город Архангельск""";Бар-тир;бар;2;круглогодично;круглогодично;нет данных;нет данных;нет данных;нет данных;нет данных;нет данных;нет данных;нет данных;нет данных
"Городской округ ""Город Архангельск""";"Лобби-бар ""SVETSKY""";бар;4;круглогодично;круглогодично;нет данных;нет данных;нет данных;нет данных;нет данных;нет данных;нет данных;нет данных;нет данных
"Городской округ ""Город Архангельск""";"Бар ""Друзья"" в ТЦ ""Грин""";бар;4;круглогодично;круглогодично;нет данных;нет данных;нет данных;нет данных;нет данных;нет данных;нет данных;нет данных;нет данных
"Городской округ ""Город Архангельск""";"Кафе ""Крым""";Кафе;5;круглогодично;круглогодично;нет данных;нет данных;нет данных;нет данных;нет данных;нет данных;нет данных;нет данных;нет данных
"Городской округ ""Город Архангельск""";"Бар-магазин ""Гастрономика""";Кафе;10;круглогодично;круглогодично;нет данных;нет данных;нет данных;нет данных;нет данных;нет данных;нет данных;нет данных;нет данных
"Городской округ ""Город Архангельск""";"Бар ""Рыжий Ёж""";бар;6;круглогодично;круглогодично;нет данных;нет данных;нет данных;нет данных;нет данных;нет данных;нет данных;нет данных;нет данных
"Городской округ ""Город Архангельск""";"Кафе ""Казацкая слобода""";Кафе;4;круглогодично;круглогодично;нет данных;нет данных;нет данных;нет данных;нет данных;нет данных;нет данных;нет данных;нет данных
"Городской округ ""Город Архангельск""";"Кафе ""Рататуй""";Кафе;2;круглогодично;круглогодично;нет данных;нет данных;нет данных;нет данных;нет данных;нет данных;нет данных;нет данных;нет данных
"Городской округ ""Город Архангельск""";"Бар ""Neon""";бар;6;круглогодично;круглогодично;нет данных;нет данных;нет данных;нет данных;нет данных;нет данных;нет данных;нет данных;нет данных
"Городской округ ""Город Архангельск""";"Бар ""Рекольтант""";бар;4;круглогодично;круглогодично;нет данных;нет данных;нет данных;нет данных;нет данных;нет данных;нет данных;нет данных;нет данных
"Городской округ ""Город Архангельск""";Кафе «Поморский дворик»;Кафе;5;круглогодично;круглогодично;нет данных;нет данных;нет данных;нет данных;нет данных;нет данных;нет данных;нет данных;нет данных
"Городской округ ""Город Архангельск""";Кафе «Шашлыки по-армянски»;Кафе;8;круглогодично;круглогодично;нет данных;нет данных;нет данных;нет данных;нет данных;нет данных;нет данных;нет данных;нет данных
"Городской округ ""Город Архангельск""";Кафе «Лимпопо»;Кафе;4;круглогодично;круглогодично;нет данных;нет данных;нет данных;нет данных;нет данных;нет данных;нет данных;нет данных;нет данных
"Городской округ ""Город Архангельск""";Кафе «Марианна»;Кафе;6;круглогодично;круглогодично;нет данных;нет данных;нет данных;нет данных;нет данных;нет данных;нет данных;нет данных;нет данных
"Городской округ ""Город Архангельск""";Кафе «Кафе Таун»;Кафе;6;круглогодично;круглогодично;нет данных;нет данных;нет данных;нет данных;нет данных;нет данных;нет данных;нет данных;нет данных
"Городской округ ""Город Архангельск""";Кафе «Блин Виль»;Кафе;10;круглогодично;круглогодично;нет данных;нет данных;нет данных;нет данных;нет данных;нет данных;нет данных;нет данных;нет данных
"Городской округ ""Город Архангельск""";Кафе « Полина»;Кафе;30;круглогодично;круглогодично;нет данных;нет данных;нет данных;нет данных;нет данных;нет данных;нет данных;нет данных;нет данных
"Городской округ ""Город Архангельск""";Кафе KONO Pizza;Кафе;3;круглогодично;круглогодично;нет данных;нет данных;нет данных;нет данных;нет данных;нет данных;нет данных;нет данных;нет данных
"Городской округ ""Город Архангельск""";"Городское кафе ""Buffet"" ";Кафе;5;круглогодично;круглогодично;нет данных;нет данных;нет данных;нет данных;нет данных;нет данных;нет данных;нет данных;нет данных
"Городской округ ""Город Архангельск""";"Кафе ""Анров""";Кафе;12;круглогодично;круглогодично;нет данных;нет данных;нет данных;нет данных;нет данных;нет данных;нет данных;нет данных;нет данных
"Городской округ ""Город Архангельск""";"Пивной бар ""Alter Bayer"" ";бар;3;круглогодично;круглогодично;нет данных;нет данных;нет данных;нет данных;нет данных;нет данных;нет данных;нет данных;нет данных
"Городской округ ""Город Архангельск""";Кафе  « Старое место»;Кафе;11;круглогодично;круглогодично;нет данных;нет данных;нет данных;нет данных;нет данных;нет данных;нет данных;нет данных;нет данных
"Городской округ ""Город Архангельск""";Кафе «Арда»;Кафе;4;круглогодично;круглогодично;нет данных;нет данных;нет данных;нет данных;нет данных;нет данных;нет данных;нет данных;нет данных
"Городской округ ""Город Архангельск""";"Кафе ""Бакинский бульвар""";Кафе;10;круглогодично;круглогодично;нет данных;нет данных;нет данных;нет данных;нет данных;нет данных;нет данных;нет данных;нет данных
"Городской округ ""Город Архангельск""";"Кафе ""Купе""";Кафе;6;круглогодично;круглогодично;нет данных;нет данных;нет данных;нет данных;нет данных;нет данных;нет данных;нет данных;нет данных
"Городской округ ""Город Архангельск""";Кафе «Терраса» ;Кафе;25;круглогодично;круглогодично;нет данных;нет данных;нет данных;нет данных;нет данных;нет данных;нет данных;нет данных;нет данных
"Городской округ ""Город Архангельск""";Кафе «Темпл-бар» ;Кафе;18;круглогодично;круглогодично;нет данных;нет данных;нет данных;нет данных;нет данных;нет данных;нет данных;нет данных;нет данных
"Городской округ ""Город Архангельск""";"Бар ""OMNOMNOM""";бар;4;круглогодично;круглогодично;нет данных;нет данных;нет данных;нет данных;нет данных;нет данных;нет данных;нет данных;нет данных
"Городской округ ""Город Архангельск""";"Кофе-бар ""Scandinavia""";Кафе;5;круглогодично;круглогодично;нет данных;нет данных;нет данных;нет данных;нет данных;нет данных;нет данных;нет данных;нет данных
"Городской округ ""Город Архангельск""";Кафе-кондитерская «Птеродактиль»  ;Кафе;2;круглогодично;круглогодично;нет данных;нет данных;нет данных;нет данных;нет данных;нет данных;нет данных;нет данных;нет данных
"Городской округ ""Город Архангельск""";Кафе «Вкусно и точка» ;Кафе;15;круглогодично;круглогодично;нет данных;нет данных;нет данных;нет данных;нет данных;нет данных;нет данных;нет данных;нет данных
"Городской округ ""Город Архангельск""";Кафе «Бургер Кинг» ;Кафе;6;круглогодично;круглогодично;нет данных;нет данных;нет данных;нет данных;нет данных;нет данных;нет данных;нет данных;нет данных
"Городской округ ""Город Архангельск""";"Кафе ""KFC"" ";Кафе;4;круглогодично;круглогодично;нет данных;нет данных;нет данных;нет данных;нет данных;нет данных;нет данных;нет данных;нет данных
"Городской округ ""Город Архангельск""";Кафе быстрого питания «Вкусно и точка» ;Кафе;20;круглогодично;круглогодично;нет данных;нет данных;нет данных;нет данных;нет данных;нет данных;нет данных;нет данных;нет данных
"Городской округ ""Город Архангельск""";Кафе «IRIS» ;Кафе;5;круглогодично;круглогодично;нет данных;нет данных;нет данных;нет данных;нет данных;нет данных;нет данных;нет данных;нет данных
"Городской округ ""Город Архангельск""";"Фудмолл ""Рестопорт""";Кафе;150;круглогодично;круглогодично;нет данных;нет данных;нет данных;нет данных;нет данных;нет данных;нет данных;нет данных;нет данных
"Городской округ ""Город Архангельск""";"Кафе ""Баблс""";Кафе;6;круглогодично;круглогодично;нет данных;нет данных;нет данных;нет данных;нет данных;нет данных;нет данных;нет данных;нет данных
"Городской округ ""Город Архангельск""";"Бар ""Дон Гальяно""";бар;5;круглогодично;круглогодично;нет данных;нет данных;нет данных;нет данных;нет данных;нет данных;нет данных;нет данных;нет данных
"Городской округ ""Город Архангельск""";"Кафе ""Starfoods"" ";Кафе;5;круглогодично;круглогодично;нет данных;нет данных;нет данных;нет данных;нет данных;нет данных;нет данных;нет данных;нет данных
"Городской округ ""Город Архангельск""";"Кафе ""Шоколад"" ";Кафе;4;круглогодично;круглогодично;нет данных;нет данных;нет данных;нет данных;нет данных;нет данных;нет данных;нет данных;нет данных
"Городской округ ""Город Архангельск""";"Кафе ""Мангал""";Кафе;6;круглогодично;круглогодично;нет данных;нет данных;нет данных;нет данных;нет данных;нет данных;нет данных;нет данных;нет данных
"Городской округ ""Город Архангельск""";Кафе-кондитерская «Венский пекарь»;Кафе;12;круглогодично;круглогодично;нет данных;нет данных;нет данных;нет данных;нет данных;нет данных;нет данных;нет данных;нет данных
"Городской округ ""Город Архангельск""";Кафе «Оливье»;Кафе;35;круглогодично;круглогодично;нет данных;нет данных;нет данных;нет данных;нет данных;нет данных;нет данных;нет данных;нет данных
"Городской округ ""Город Архангельск""";Кафе Inferno Lounge;Кафе;4;круглогодично;круглогодично;нет данных;нет данных;нет данных;нет данных;нет данных;нет данных;нет данных;нет данных;нет данных
"Городской округ ""Город Архангельск""";Кафе «Санта Паста»;Кафе;22;круглогодично;круглогодично;нет данных;нет данных;нет данных;нет данных;нет данных;нет данных;нет данных;нет данных;нет данных
"Городской округ ""Город Архангельск""";Кафе «Грядка Фэмили»;Кафе;40;круглогодично;круглогодично;нет данных;нет данных;нет данных;нет данных;нет данных;нет данных;нет данных;нет данных;нет данных
"Городской округ ""Город Архангельск""";"Гастрокафе ""Хочу лето""";Кафе;12;круглогодично;круглогодично;нет данных;нет данных;нет данных;нет данных;нет данных;нет данных;нет данных;нет данных;нет данных
"Городской округ ""Город Архангельск""";Кафе быстрого питания «Сытно и вкусно»;Кафе;10;круглогодично;круглогодично;нет данных;нет данных;нет данных;нет данных;нет данных;нет данных;нет данных;нет данных;нет данных
"Городской округ ""Город Архангельск""";"Кафе-столовая ""Кухмистерская""";Кафе;4;круглогодично;круглогодично;нет данных;нет данных;нет данных;нет данных;нет данных;нет данных;нет данных;нет данных;нет данных
"Городской округ ""Город Архангельск""";"Кафе-пекарня ""Крым""";Кафе;5;круглогодично;круглогодично;нет данных;нет данных;нет данных;нет данных;нет данных;нет данных;нет данных;нет данных;нет данных
"Городской округ ""Город Архангельск""";"Кафе-галерея ""Степановъ""";Кафе;3;круглогодично;круглогодично;нет данных;нет данных;нет данных;нет данных;нет данных;нет данных;нет данных;нет данных;нет данных
"Городской округ ""Город Архангельск""";Кафе гастро-ателье;Кафе;3;круглогодично;круглогодично;нет данных;нет данных;нет данных;нет данных;нет данных;нет данных;нет данных;нет данных;нет данных
"Городской округ ""Город Архангельск""";"Бар ""Луда""";Кафе-бар;4;круглогодично;круглогодично;нет данных;нет данных;нет данных;нет данных;нет данных;нет данных;нет данных;нет данных;нет данных
"Городской округ ""Город Архангельск""";"Бургерная лавка ""Краснодарский парень"" ";Кафе;8;круглогодично;круглогодично;нет данных;нет данных;нет данных;нет данных;нет данных;нет данных;нет данных;нет данных;нет данных
"Городской округ ""Город Архангельск""";"Кофейня ""Высотка""";Кафе;3;круглогодично;круглогодично;нет данных;нет данных;нет данных;нет данных;нет данных;нет данных;нет данных;нет данных;нет данных
"Городской округ ""Город Архангельск""";Кофейня «Римская»;Кафе;4;круглогодично;круглогодично;нет данных;нет данных;нет данных;нет данных;нет данных;нет данных;нет данных;нет данных;нет данных
"Городской округ ""Город Архангельск""";Кофейня «Библио-кофе»;Кафе;5;круглогодично;круглогодично;нет данных;нет данных;нет данных;нет данных;нет данных;нет данных;нет данных;нет данных;нет данных
"Городской округ ""Город Архангельск""";Венская кофейня ;Кафе;6;круглогодично;круглогодично;нет данных;нет данных;нет данных;нет данных;нет данных;нет данных;нет данных;нет данных;нет данных
"Городской округ ""Город Архангельск""";Кофейня «Iris cafffee» ;Кафе;3;круглогодично;круглогодично;нет данных;нет данных;нет данных;нет данных;нет данных;нет данных;нет данных;нет данных;нет данных
"Городской округ ""Город Архангельск""";"Кофейня ""Альтернатива""";Кафе;2;круглогодично;круглогодично;нет данных;нет данных;нет данных;нет данных;нет данных;нет данных;нет данных;нет данных;нет данных
"Городской округ ""Город Архангельск""";"Кофейня ""Май-Май""";Кафе;4;круглогодично;круглогодично;нет данных;нет данных;нет данных;нет данных;нет данных;нет данных;нет данных;нет данных;нет данных
"Городской округ ""Город Архангельск""";Пиццерия «Пицца Хаус»;Кафе;6;круглогодично;круглогодично;нет данных;нет данных;нет данных;нет данных;нет данных;нет данных;нет данных;нет данных;нет данных
"Городской округ ""Город Архангельск""";"Ресторан ""Азия""";Ресторан;9;круглогодично;круглогодично;нет данных;нет данных;нет данных;нет данных;нет данных;нет данных;нет данных;нет данных;нет данных
"Городской округ ""Город Архангельск""";"Столовая ""Грядка""";Столовая;6;круглогодично;круглогодично;нет данных;нет данных;нет данных;нет данных;нет данных;нет данных;нет данных;нет данных;нет данных
"Городской округ ""Город Архангельск""";Пиццерия «Ницца»;Кафе;5;круглогодично;круглогодично;нет данных;нет данных;нет данных;нет данных;нет данных;нет данных;нет данных;нет данных;нет данных
"Городской округ ""Город Архангельск""";Кафе-пиццерия «Пицеролла»;Кафе;5;круглогодично;круглогодично;нет данных;нет данных;нет данных;нет данных;нет данных;нет данных;нет данных;нет данных;нет данных
"Городской округ ""Город Архангельск""";Пиццерия «Престо»;Кафе;35;круглогодично;круглогодично;нет данных;нет данных;нет данных;нет данных;нет данных;нет данных;нет данных;нет данных;нет данных
"Городской округ ""Город Архангельск""";"Кулинария ""Грядка"" ";Кафе;4;круглогодично;круглогодично;нет данных;нет данных;нет данных;нет данных;нет данных;нет данных;нет данных;нет данных;нет данных
"Городской округ ""Город Архангельск""";"Кулинария ""Грядка""";Кафе;8;круглогодично;круглогодично;нет данных;нет данных;нет данных;нет данных;нет данных;нет данных;нет данных;нет данных;нет данных
"Городской округ ""Город Архангельск""";"Кулинария ""Грядка""";Кафе;6;круглогодично;круглогодично;нет данных;нет данных;нет данных;нет данных;нет данных;нет данных;нет данных;нет данных;нет данных
"Городской округ ""Город Архангельск""";"Столовая ""Сковородка"" ";Столовая;3;круглогодично;круглогодично;нет данных;нет данных;нет данных;нет данных;нет данных;нет данных;нет данных;нет данных;нет данных
"Городской округ ""Город Архангельск""";Столовая, кулинария  «Кушать подано»;Столовая;10;круглогодично;круглогодично;нет данных;нет данных;нет данных;нет данных;нет данных;нет данных;нет данных;нет данных;нет данных
"Городской округ ""Город Архангельск""";Столовая «Маэстро»;Столовая;12;круглогодично;круглогодично;нет данных;нет данных;нет данных;нет данных;нет данных;нет данных;нет данных;нет данных;нет данных
"Городской округ ""Город Архангельск""";Столовая пл. Ленина, 5;Столовая;64;круглогодично;круглогодично;нет данных;нет данных;нет данных;нет данных;нет данных;нет данных;нет данных;нет данных;нет данных
"Городской округ ""Город Архангельск""";Столовая Дзержинского, 2;Столовая;6;круглогодично;круглогодично;нет данных;нет данных;нет данных;нет данных;нет данных;нет данных;нет данных;нет данных;нет данных
"Городской округ ""Город Архангельск""";"Столовая ""Романовъ""";Столовая;3;круглогодично;круглогодично;нет данных;нет данных;нет данных;нет данных;нет данных;нет данных;нет данных;нет данных;нет данных
"Городской округ ""Город Архангельск""";"Столовая ""Бублик-Маркет""";Столовая;15;круглогодично;круглогодично;нет данных;нет данных;нет данных;нет данных;нет данных;нет данных;нет данных;нет данных;нет данных
"Городской округ ""Город Архангельск""";Столовая в АЦДТ;Столовая;5;круглогодично;круглогодично;нет данных;нет данных;нет данных;нет данных;нет данных;нет данных;нет данных;нет данных;нет данных
"Городской округ ""Город Архангельск""";Столовая «Калитка»;Столовая;30;круглогодично;круглогодично;нет данных;нет данных;нет данных;нет данных;нет данных;нет данных;нет данных;нет данных;нет данных
"Городской округ ""Город Архангельск""";"Столовая ""Правда вкуса""";Столовая;5;круглогодично;круглогодично;нет данных;нет данных;нет данных;нет данных;нет данных;нет данных;нет данных;нет данных;нет данных
"Городской округ ""Город Архангельск""";"Столовая ""Романовъ""";Столовая;7;круглогодично;круглогодично;нет данных;нет данных;нет данных;нет данных;нет данных;нет данных;нет данных;нет данных;нет данных
"Городской округ ""Город Архангельск""";" Рестокафе ""Штаб""";Кафе;5;круглогодично;круглогодично;нет данных;нет данных;нет данных;нет данных;нет данных;нет данных;нет данных;нет данных;нет данных
"Городской округ ""Город Архангельск""";"Ресторан,бар  ""Пур-Наволок-Отель""";Ресторан;15;круглогодично;круглогодично;нет данных;нет данных;нет данных;нет данных;нет данных;нет данных;нет данных;нет данных;нет данных
"Городской округ ""Город Архангельск""";Ресторан «Кабинет» ;Ресторан;18;круглогодично;круглогодично;нет данных;нет данных;нет данных;нет данных;нет данных;нет данных;нет данных;нет данных;нет данных
"Городской округ ""Город Архангельск""";"Ресторан ""Боброфф""";Ресторан;20;круглогодично;круглогодично;нет данных;нет данных;нет данных;нет данных;нет данных;нет данных;нет данных;нет данных;нет данных
"Городской округ ""Город Архангельск""";Ресторан «Столица Поморья»;Ресторан;17;круглогодично;круглогодично;нет данных;нет данных;нет данных;нет данных;нет данных;нет данных;нет данных;нет данных;нет данных
"Городской округ ""Город Архангельск""";Столовая «Большой куш»;Столовая;20;круглогодично;круглогодично;нет данных;нет данных;нет данных;нет данных;нет данных;нет данных;нет данных;нет данных;нет данных
"Городской округ ""Город Архангельск""";"Ресторан ""Roomi""";Ресторан;13;круглогодично;круглогодично;нет данных;нет данных;нет данных;нет данных;нет данных;нет данных;нет данных;нет данных;нет данных
"Городской округ ""Город Архангельск""";Ресторан «Ялта»;Ресторан;15;круглогодично;круглогодично;нет данных;нет данных;нет данных;нет данных;нет данных;нет данных;нет данных;нет данных;нет данных
"Городской округ ""Город Архангельск""";Ресторан «Старый Тифлис»;Ресторан;9;круглогодично;круглогодично;нет данных;нет данных;нет данных;нет данных;нет данных;нет данных;нет данных;нет данных;нет данных
"Городской округ ""Город Архангельск""";Ресторан «Чайхона»;Ресторан;9;круглогодично;круглогодично;нет данных;нет данных;нет данных;нет данных;нет данных;нет данных;нет данных;нет данных;нет данных
"Городской округ ""Город Архангельск""";"Ресторан ""Cheesy""";Ресторан;10;круглогодично;круглогодично;нет данных;нет данных;нет данных;нет данных;нет данных;нет данных;нет данных;нет данных;нет данных
"Городской округ ""Город Архангельск""";"Ресторан ""Мимино""";Ресторан;10;круглогодично;круглогодично;нет данных;нет данных;нет данных;нет данных;нет данных;нет данных;нет данных;нет данных;нет данных
"Городской округ ""Город Архангельск""";"Бар ""Дон Галиано""";бар;5;круглогодично;круглогодично;нет данных;нет данных;нет данных;нет данных;нет данных;нет данных;нет данных;нет данных;нет данных
"Городской округ ""Город Архангельск""";"Бар ""Два пива»";бар;4;круглогодично;круглогодично;нет данных;нет данных;нет данных;нет данных;нет данных;нет данных;нет данных;нет данных;нет данных
"Городской округ ""Город Архангельск""";Пивной бар «Ура»;бар;2;круглогодично;круглогодично;нет данных;нет данных;нет данных;нет данных;нет данных;нет данных;нет данных;нет данных;нет данных
"Городской округ ""Город Архангельск""";"Ресторан ""Эверест""";Ресторан;5;круглогодично;круглогодично;нет данных;нет данных;нет данных;нет данных;нет данных;нет данных;нет данных;нет данных;нет данных
"Городской округ ""Город Архангельск""";"Бар ""BBQ""";бар;4;круглогодично;круглогодично;нет данных;нет данных;нет данных;нет данных;нет данных;нет данных;нет данных;нет данных;нет данных
"Городской округ ""Город Архангельск""";Бар «Дом пивовара»;бар;2;круглогодично;круглогодично;нет данных;нет данных;нет данных;нет данных;нет данных;нет данных;нет данных;нет данных;нет данных
"Городской округ ""Город Архангельск""";Бар «АМБАР»;бар;2;круглогодично;круглогодично;нет данных;нет данных;нет данных;нет данных;нет данных;нет данных;нет данных;нет данных;нет данных
"Городской округ ""Город Архангельск""";Бар в ТК «ЖД»;бар;7;круглогодично;круглогодично;нет данных;нет данных;нет данных;нет данных;нет данных;нет данных;нет данных;нет данных;нет данных
"Городской округ ""Город Архангельск""";Кафе «Братья гриль»;Кафе;10;круглогодично;круглогодично;нет данных;нет данных;нет данных;нет данных;нет данных;нет данных;нет данных;нет данных;нет данных
"Городской округ ""Город Архангельск""";"Кафе ""Моряна""";Кафе;4;круглогодично;круглогодично;нет данных;нет данных;нет данных;нет данных;нет данных;нет данных;нет данных;нет данных;нет данных
"Городской округ ""Город Архангельск""";Кафе «Миндаль»;Кафе;12;круглогодично;круглогодично;нет данных;нет данных;нет данных;нет данных;нет данных;нет данных;нет данных;нет данных;нет данных
"Городской округ ""Город Архангельск""";Кафе «Кружка»;Кафе;2;круглогодично;круглогодично;нет данных;нет данных;нет данных;нет данных;нет данных;нет данных;нет данных;нет данных;нет данных
"Городской округ ""Город Архангельск""";"Кафе  ""Дружба """;Кафе;11;круглогодично;круглогодично;нет данных;нет данных;нет данных;нет данных;нет данных;нет данных;нет данных;нет данных;нет данных
"Городской округ ""Город Архангельск""";"Ресторан ""Inside""";Ресторан;7;круглогодично;круглогодично;нет данных;нет данных;нет данных;нет данных;нет данных;нет данных;нет данных;нет данных;нет данных
"Городской округ ""Город Архангельск""";"Мультиформатное кафе ""Суп и Бургер""";Кафе;5;круглогодично;круглогодично;нет данных;нет данных;нет данных;нет данных;нет данных;нет данных;нет данных;нет данных;нет данных
"Городской округ ""Город Архангельск""";"Кафе ""Блин Хауз""";Кафе;36;круглогодично;круглогодично;нет данных;нет данных;нет данных;нет данных;нет данных;нет данных;нет данных;нет данных;нет данных
"Городской округ ""Город Архангельск""";Кафе-столовая «Ресто»;Столовая;3;круглогодично;круглогодично;нет данных;нет данных;нет данных;нет данных;нет данных;нет данных;нет данных;нет данных;нет данных
"Городской округ ""Город Архангельск""";Кафе-магазин «Большая кастрюля»;Кафе;16;круглогодично;круглогодично;нет данных;нет данных;нет данных;нет данных;нет данных;нет данных;нет данных;нет данных;нет данных
"Городской округ ""Город Архангельск""";Кафе «Гроссен Ваген»;Кафе;4;круглогодично;круглогодично;нет данных;нет данных;нет данных;нет данных;нет данных;нет данных;нет данных;нет данных;нет данных
"Городской округ ""Город Архангельск""";Кафе-бар «Неолит»;Кафе;2;круглогодично;круглогодично;нет данных;нет данных;нет данных;нет данных;нет данных;нет данных;нет данных;нет данных;нет данных
"Городской округ ""Город Архангельск""";"Кафе ""Офис""";Кафе;4;круглогодично;круглогодично;нет данных;нет данных;нет данных;нет данных;нет данных;нет данных;нет данных;нет данных;нет данных
"Городской округ ""Город Архангельск""";"Ресторан ""TABOO""";Ресторан;9;круглогодично;круглогодично;нет данных;нет данных;нет данных;нет данных;нет данных;нет данных;нет данных;нет данных;нет данных
"Городской округ ""Город Архангельск""";"Ресторан ""Кухня""";Ресторан;5;круглогодично;круглогодично;нет данных;нет данных;нет данных;нет данных;нет данных;нет данных;нет данных;нет данных;нет данных
"Городской округ ""Город Архангельск""";"Кафе ""Колесо""";Кафе;5;круглогодично;круглогодично;нет данных;нет данных;нет данных;нет данных;нет данных;нет данных;нет данных;нет данных;нет данных
"Городской округ ""Город Архангельск""";Бар Alter Ego;бар;3;круглогодично;круглогодично;нет данных;нет данных;нет данных;нет данных;нет данных;нет данных;нет данных;нет данных;нет данных
"Городской округ ""Город Архангельск""";"Ночной клуб ""Иксы""";бар;5;круглогодично;круглогодично;нет данных;нет данных;нет данных;нет данных;нет данных;нет данных;нет данных;нет данных;нет данных
"Городской округ ""Город Архангельск""";"Кафе ""На Окружной""";Кафе;4;круглогодично;круглогодично;нет данных;нет данных;нет данных;нет данных;нет данных;нет данных;нет данных;нет данных;нет данных
"Городской округ ""Город Архангельск""";"Кафе ""На часок» ТЦ «Пингвин»";Кафе;3;круглогодично;круглогодично;нет данных;нет данных;нет данных;нет данных;нет данных;нет данных;нет данных;нет данных;нет данных
"Городской округ ""Город Архангельск""";"Кафе ""ЧойХона""";Кафе;3;круглогодично;круглогодично;нет данных;нет данных;нет данных;нет данных;нет данных;нет данных;нет данных;нет данных;нет данных
"Городской округ ""Город Архангельск""";Кафе «На Гайдара»;Кафе;6;круглогодично;круглогодично;нет данных;нет данных;нет данных;нет данных;нет данных;нет данных;нет данных;нет данных;нет данных
"Городской округ ""Город Архангельск""";Кафе «Три шоколада»;Кафе;4;круглогодично;круглогодично;нет данных;нет данных;нет данных;нет данных;нет данных;нет данных;нет данных;нет данных;нет данных
"Городской округ ""Город Архангельск""";Кафе-бар «Рай»;Кафе;4;круглогодично;круглогодично;нет данных;нет данных;нет данных;нет данных;нет данных;нет данных;нет данных;нет данных;нет данных
"Городской округ ""Город Архангельск""";Кафе «Венский пекарь»;Кафе;9;круглогодично;круглогодично;нет данных;нет данных;нет данных;нет данных;нет данных;нет данных;нет данных;нет данных;нет данных
"Городской округ ""Город Архангельск""";Кафе-бистро «Две пиццы»;Кафе;6;круглогодично;круглогодично;нет данных;нет данных;нет данных;нет данных;нет данных;нет данных;нет данных;нет данных;нет данных
"Городской округ ""Город Архангельск""";Кафе «Царь – блин»;Кафе;7;круглогодично;круглогодично;нет данных;нет данных;нет данных;нет данных;нет данных;нет данных;нет данных;нет данных;нет данных
"Городской округ ""Город Архангельск""";Кафе-бар «У Камандора»;Кафе;3;круглогодично;круглогодично;нет данных;нет данных;нет данных;нет данных;нет данных;нет данных;нет данных;нет данных;нет данных
"Городской округ ""Город Архангельск""";Кафе «Удача»;Кафе;4;круглогодично;круглогодично;нет данных;нет данных;нет данных;нет данных;нет данных;нет данных;нет данных;нет данных;нет данных
"Городской округ ""Город Архангельск""";"Кофейня ""Май-Май""";Кафе;4;круглогодично;круглогодично;нет данных;нет данных;нет данных;нет данных;нет данных;нет данных;нет данных;нет данных;нет данных
"Городской округ ""Город Архангельск""";Кафе-пиццерия «Ницца»;Кафе;6;круглогодично;круглогодично;нет данных;нет данных;нет данных;нет данных;нет данных;нет данных;нет данных;нет данных;нет данных
"Городской округ ""Город Архангельск""";"Скандинавское кафе ""ХОЛМС""";Кафе;8;круглогодично;круглогодично;нет данных;нет данных;нет данных;нет данных;нет данных;нет данных;нет данных;нет данных;нет данных
"Городской округ ""Город Архангельск""";Кафе «Малина»;Кафе;13;круглогодично;круглогодично;нет данных;нет данных;нет данных;нет данных;нет данных;нет данных;нет данных;нет данных;нет данных
"Городской округ ""Город Архангельск""";"Кафе ""STARFOODS"" ";Кафе;6;круглогодично;круглогодично;нет данных;нет данных;нет данных;нет данных;нет данных;нет данных;нет данных;нет данных;нет данных
"Городской округ ""Город Архангельск""";Кафе «Subway»;Кафе;2;круглогодично;круглогодично;нет данных;нет данных;нет данных;нет данных;нет данных;нет данных;нет данных;нет данных;нет данных
"Городской округ ""Город Архангельск""";Кафе «Smetana» ;Кафе;2;круглогодично;круглогодично;нет данных;нет данных;нет данных;нет данных;нет данных;нет данных;нет данных;нет данных;нет данных
"Городской округ ""Город Архангельск""";Кафе «KeIзo»;Кафе;12;круглогодично;круглогодично;нет данных;нет данных;нет данных;нет данных;нет данных;нет данных;нет данных;нет данных;нет данных
"Городской округ ""Город Архангельск""";Кафе «Вельвет»;Кафе;5;круглогодично;круглогодично;нет данных;нет данных;нет данных;нет данных;нет данных;нет данных;нет данных;нет данных;нет данных
"Городской округ ""Город Архангельск""";Кафе «Бифштекс»;Кафе;13;круглогодично;круглогодично;нет данных;нет данных;нет данных;нет данных;нет данных;нет данных;нет данных;нет данных;нет данных
"Городской округ ""Город Архангельск""";Бар «Яма»;Кафе-бар;12;круглогодично;круглогодично;нет данных;нет данных;нет данных;нет данных;нет данных;нет данных;нет данных;нет данных;нет данных
"Городской округ ""Город Архангельск""";Кафе «Аэроплан»;Кафе;8;круглогодично;круглогодично;нет данных;нет данных;нет данных;нет данных;нет данных;нет данных;нет данных;нет данных;нет данных
"Городской округ ""Город Архангельск""";Кафе «Шаверма»;Кафе;6;круглогодично;круглогодично;нет данных;нет данных;нет данных;нет данных;нет данных;нет данных;нет данных;нет данных;нет данных
"Городской округ ""Город Архангельск""";Кафе-бар  «Арктика»;Кафе;6;круглогодично;круглогодично;нет данных;нет данных;нет данных;нет данных;нет данных;нет данных;нет данных;нет данных;нет данных
"Городской округ ""Город Архангельск""";"Кафе ""Санта Паста""";Кафе;7;круглогодично;круглогодично;нет данных;нет данных;нет данных;нет данных;нет данных;нет данных;нет данных;нет данных;нет данных
"Городской округ ""Город Архангельск""";Кафе «В-85»;Кафе;12;круглогодично;круглогодично;нет данных;нет данных;нет данных;нет данных;нет данных;нет данных;нет данных;нет данных;нет данных
"Городской округ ""Город Архангельск""";Кафе «Водник Про»;Кафе;4;круглогодично;круглогодично;нет данных;нет данных;нет данных;нет данных;нет данных;нет данных;нет данных;нет данных;нет данных
"Городской округ ""Город Архангельск""";"Кафе ""STARFOODS""";Кафе;6;круглогодично;круглогодично;нет данных;нет данных;нет данных;нет данных;нет данных;нет данных;нет данных;нет данных;нет данных
"Городской округ ""Город Архангельск""";Кафе «Superburg» ;Кафе;4;круглогодично;круглогодично;нет данных;нет данных;нет данных;нет данных;нет данных;нет данных;нет данных;нет данных;нет данных
"Городской округ ""Город Архангельск""";"Кафе ""Армянский дворик""";Кафе;4;круглогодично;круглогодично;нет данных;нет данных;нет данных;нет данных;нет данных;нет данных;нет данных;нет данных;нет данных
"Городской округ ""Город Архангельск""";Суши-бар KIOKO;Кафе;3;круглогодично;круглогодично;нет данных;нет данных;нет данных;нет данных;нет данных;нет данных;нет данных;нет данных;нет данных
"Городской округ ""Город Архангельск""";Кафе быстрого питания «Вкусно и точка»;Кафе;12;круглогодично;круглогодично;нет данных;нет данных;нет данных;нет данных;нет данных;нет данных;нет данных;нет данных;нет данных
"Городской округ ""Город Архангельск""";"Кафе ""Rampa street cafe""";Кафе;2;круглогодично;круглогодично;нет данных;нет данных;нет данных;нет данных;нет данных;нет данных;нет данных;нет данных;нет данных
"Городской округ ""Город Архангельск""";Арт - кофейня;Кафе;8;круглогодично;круглогодично;нет данных;нет данных;нет данных;нет данных;нет данных;нет данных;нет данных;нет данных;нет данных
"Городской округ ""Город Архангельск""";"Кофейня ""Coffelike""  ";Кафе;4;круглогодично;круглогодично;нет данных;нет данных;нет данных;нет данных;нет данных;нет данных;нет данных;нет данных;нет данных
"Городской округ ""Город Архангельск""";Центральная кофейня;Кафе;2;круглогодично;круглогодично;нет данных;нет данных;нет данных;нет данных;нет данных;нет данных;нет данных;нет данных;нет данных
"Городской округ ""Город Архангельск""";Кофейня «Город А»;Кафе;20;круглогодично;круглогодично;нет данных;нет данных;нет данных;нет данных;нет данных;нет данных;нет данных;нет данных;нет данных
"Городской округ ""Город Архангельск""";"Кофейня ""Coffelike""";Кафе;3;круглогодично;круглогодично;нет данных;нет данных;нет данных;нет данных;нет данных;нет данных;нет данных;нет данных;нет данных
"Городской округ ""Город Архангельск""";Кофейня «Charllote»;Кафе;8;круглогодично;круглогодично;нет данных;нет данных;нет данных;нет данных;нет данных;нет данных;нет данных;нет данных;нет данных
"Городской округ ""Город Архангельск""";"Кофейня ""Coffee Co""";Кафе;5;круглогодично;круглогодично;нет данных;нет данных;нет данных;нет данных;нет данных;нет данных;нет данных;нет данных;нет данных
"Городской округ ""Город Архангельск""";"Пиццерия ""Додо Пицца"" ";Кафе;3;круглогодично;круглогодично;нет данных;нет данных;нет данных;нет данных;нет данных;нет данных;нет данных;нет данных;нет данных
"Городской округ ""Город Архангельск""";Пиццерия «Фигарофф» ;Кафе;6;круглогодично;круглогодично;нет данных;нет данных;нет данных;нет данных;нет данных;нет данных;нет данных;нет данных;нет данных
"Городской округ ""Город Архангельск""";Пиццерия «Ченто Пер Ченто»;Кафе;3;круглогодично;круглогодично;нет данных;нет данных;нет данных;нет данных;нет данных;нет данных;нет данных;нет данных;нет данных
"Городской округ ""Город Архангельск""";Бистро «Дело вкуса»;Кафе;53;круглогодично;круглогодично;нет данных;нет данных;нет данных;нет данных;нет данных;нет данных;нет данных;нет данных;нет данных
"Городской округ ""Город Архангельск""";"Пекарня-кондитерская ""der Хлеб""";Кафе;3;круглогодично;круглогодично;нет данных;нет данных;нет данных;нет данных;нет данных;нет данных;нет данных;нет данных;нет данных
"Городской округ ""Город Архангельск""";"Кондитерская ""NAPEKLA""";Кафе;4;круглогодично;круглогодично;нет данных;нет данных;нет данных;нет данных;нет данных;нет данных;нет данных;нет данных;нет данных
"Городской округ ""Город Архангельск""";"Буфет ""ЩиБорщи""";Столовая;3;круглогодично;круглогодично;нет данных;нет данных;нет данных;нет данных;нет данных;нет данных;нет данных;нет данных;нет данных
"Городской округ ""Город Архангельск""";Кафе-кулинария «Смак»;Кафе;1;круглогодично;круглогодично;нет данных;нет данных;нет данных;нет данных;нет данных;нет данных;нет данных;нет данных;нет данных
"Городской округ ""Город Архангельск""";Кулинария «Поежка»;Кафе;6;круглогодично;круглогодично;нет данных;нет данных;нет данных;нет данных;нет данных;нет данных;нет данных;нет данных;нет данных
"Городской округ ""Город Архангельск""";Кулинария «Кушать подано»;Кафе;5;круглогодично;круглогодично;нет данных;нет данных;нет данных;нет данных;нет данных;нет данных;нет данных;нет данных;нет данных
"Городской округ ""Город Архангельск""";"Кулинария ""Грядка""";Столовая;8;круглогодично;круглогодично;нет данных;нет данных;нет данных;нет данных;нет данных;нет данных;нет данных;нет данных;нет данных
"Городской округ ""Город Архангельск""";"Кулинария ""Фазенда""";Кафе;6;круглогодично;круглогодично;нет данных;нет данных;нет данных;нет данных;нет данных;нет данных;нет данных;нет данных;нет данных
"Городской округ ""Город Архангельск""";Кулинария «Кушать подано»;Кафе;5;круглогодично;круглогодично;нет данных;нет данных;нет данных;нет данных;нет данных;нет данных;нет данных;нет данных;нет данных
"Городской округ ""Город Архангельск""";"Кулинария ""Грядка"" ";Столовая;9;круглогодично;круглогодично;нет данных;нет данных;нет данных;нет данных;нет данных;нет данных;нет данных;нет данных;нет данных
"Городской округ ""Город Архангельск""";"Столовая ""Россиянка""";Столовая;5;круглогодично;круглогодично;нет данных;нет данных;нет данных;нет данных;нет данных;нет данных;нет данных;нет данных;нет данных
"Городской округ ""Город Архангельск""";Столовая «Калитка Парк»;Столовая;35;круглогодично;круглогодично;нет данных;нет данных;нет данных;нет данных;нет данных;нет данных;нет данных;нет данных;нет данных
"Городской округ ""Город Архангельск""";Столовая «СВ» в ТК «ЖД»;Столовая;47;круглогодично;круглогодично;нет данных;нет данных;нет данных;нет данных;нет данных;нет данных;нет данных;нет данных;нет данных
"Городской округ ""Город Архангельск""";"Столовая ""Грядка""";Столовая;5;круглогодично;круглогодично;нет данных;нет данных;нет данных;нет данных;нет данных;нет данных;нет данных;нет данных;нет данных
"Городской округ ""Город Архангельск""";Столовая «Щи-Борщи»;Столовая;10;круглогодично;круглогодично;нет данных;нет данных;нет данных;нет данных;нет данных;нет данных;нет данных;нет данных;нет данных
"Городской округ ""Город Архангельск""";Столовая ГУ ОАО ТГК №2 ТЭЦ;Столовая;18;круглогодично;круглогодично;нет данных;нет данных;нет данных;нет данных;нет данных;нет данных;нет данных;нет данных;нет данных
"Городской округ ""Город Архангельск""";"Столовая при ОАО ""Механический завод""";Столовая;10;круглогодично;круглогодично;нет данных;нет данных;нет данных;нет данных;нет данных;нет данных;нет данных;нет данных;нет данных
"Городской округ ""Город Архангельск""";"Столовая ""Харчо""";Столовая;9;круглогодично;круглогодично;нет данных;нет данных;нет данных;нет данных;нет данных;нет данных;нет данных;нет данных;нет данных
"Городской округ ""Город Архангельск""";"Столовая ""Грядка""";Столовая;6;круглогодично;круглогодично;нет данных;нет данных;нет данных;нет данных;нет данных;нет данных;нет данных;нет данных;нет данных
"Городской округ ""Город Архангельск""";"Столовая ""Обед-Буфет""";Столовая;8;круглогодично;круглогодично;нет данных;нет данных;нет данных;нет данных;нет данных;нет данных;нет данных;нет данных;нет данных
"Городской округ ""Город Архангельск""";Столовая, буфет УВД Архангельской области;Столовая;7;круглогодично;круглогодично;нет данных;нет данных;нет данных;нет данных;нет данных;нет данных;нет данных;нет данных;нет данных
"Городской округ ""Город Архангельск""";Столовая;Столовая;4;круглогодично;круглогодично;нет данных;нет данных;нет данных;нет данных;нет данных;нет данных;нет данных;нет данных;нет данных
"Городской округ ""Город Архангельск""";Столовая;Столовая;12;круглогодично;круглогодично;нет данных;нет данных;нет данных;нет данных;нет данных;нет данных;нет данных;нет данных;нет данных
"Городской округ ""Город Архангельск""";Столовая;Столовая;9;круглогодично;круглогодично;нет данных;нет данных;нет данных;нет данных;нет данных;нет данных;нет данных;нет данных;нет данных
"Городской округ ""Город Архангельск""";"Столовая ""Пур-Наволок """;Столовая;5;круглогодично;круглогодично;нет данных;нет данных;нет данных;нет данных;нет данных;нет данных;нет данных;нет данных;нет данных
"Городской округ ""Город Архангельск""";Ресторан «Flay»;Ресторан;10;круглогодично;круглогодично;нет данных;нет данных;нет данных;нет данных;нет данных;нет данных;нет данных;нет данных;нет данных
"Городской округ ""Город Архангельск""";"Кулинария ""Вкусно как дома""";Кафе;1;круглогодично;круглогодично;нет данных;нет данных;нет данных;нет данных;нет данных;нет данных;нет данных;нет данных;нет данных
"Городской округ ""Город Архангельск""";"Бар ""Ёрга""";бар;5;круглогодично;круглогодично;нет данных;нет данных;нет данных;нет данных;нет данных;нет данных;нет данных;нет данных;нет данных
"Городской округ ""Город Архангельск""";Кафе «Аран»;Кафе;5;круглогодично;круглогодично;нет данных;нет данных;нет данных;нет данных;нет данных;нет данных;нет данных;нет данных;нет данных
"Городской округ ""Город Архангельск""";Кафе «Оскор»;Кафе;3;круглогодично;круглогодично;нет данных;нет данных;нет данных;нет данных;нет данных;нет данных;нет данных;нет данных;нет данных
"Городской округ ""Город Архангельск""";"Кафе-пиццерия ""COSA NOSTRA""";Кафе;10;круглогодично;круглогодично;нет данных;нет данных;нет данных;нет данных;нет данных;нет данных;нет данных;нет данных;нет данных
"Городской округ ""Город Архангельск""";Кафе «Деревенька»;Кафе;4;круглогодично;круглогодично;нет данных;нет данных;нет данных;нет данных;нет данных;нет данных;нет данных;нет данных;нет данных
"Городской округ ""Город Архангельск""";"Кафе-кондитерская ""Булочка""";Кафе;3;круглогодично;круглогодично;нет данных;нет данных;нет данных;нет данных;нет данных;нет данных;нет данных;нет данных;нет данных
"Городской округ ""Город Архангельск""";Пивная ;бар;2;круглогодично;круглогодично;нет данных;нет данных;нет данных;нет данных;нет данных;нет данных;нет данных;нет данных;нет данных
"Городской округ ""Город Архангельск""";Кофейня «Coffee Grizzly» ;Кафе;4;круглогодично;круглогодично;нет данных;нет данных;нет данных;нет данных;нет данных;нет данных;нет данных;нет данных;нет данных
"Городской округ ""Город Архангельск""";Кафе быстрого питания «Быстро и точка» ;Кафе;10;круглогодично;круглогодично;нет данных;нет данных;нет данных;нет данных;нет данных;нет данных;нет данных;нет данных;нет данных
"Городской округ ""Город Архангельск""";Кафе быстрого питания «Sabway» 3 этаж в ТРЦ «Макси»;Кафе;4;круглогодично;круглогодично;нет данных;нет данных;нет данных;нет данных;нет данных;нет данных;нет данных;нет данных;нет данных
"Городской округ ""Город Архангельск""";Кафе быстрого питания «Starfoods» 3 этаж в ТРЦ «Макси»;Кафе;4;круглогодично;круглогодично;нет данных;нет данных;нет данных;нет данных;нет данных;нет данных;нет данных;нет данных;нет данных
"Городской округ ""Город Архангельск""";"Кафе ташир-пицца 3 этаж ТРЦ ""Макси""";Кафе;10;круглогодично;круглогодично;нет данных;нет данных;нет данных;нет данных;нет данных;нет данных;нет данных;нет данных;нет данных
"Городской округ ""Город Архангельск""";Кафе-кондитерская «Венский пекарь» 2 этаж в ТРЦ «Макси»;Кафе;3;круглогодично;круглогодично;нет данных;нет данных;нет данных;нет данных;нет данных;нет данных;нет данных;нет данных;нет данных
"Городской округ ""Город Архангельск""";Кафе «Iris Pizza» 2 этаж в ТРЦ «Макси»;Кафе;4;круглогодично;круглогодично;нет данных;нет данных;нет данных;нет данных;нет данных;нет данных;нет данных;нет данных;нет данных
"Городской округ ""Город Архангельск""";Ресторан «Ферма Роджера» ;Ресторан;34;круглогодично;круглогодично;нет данных;нет данных;нет данных;нет данных;нет данных;нет данных;нет данных;нет данных;нет данных
"Городской округ ""Город Архангельск""";"Бар ""Винчестер""";бар;2;круглогодично;круглогодично;нет данных;нет данных;нет данных;нет данных;нет данных;нет данных;нет данных;нет данных;нет данных
"Городской округ ""Город Архангельск""";Пиццерия «Престо» в ТРЦ «Макси» 1 этаж;Кафе;41;круглогодично;круглогодично;нет данных;нет данных;нет данных;нет данных;нет данных;нет данных;нет данных;нет данных;нет данных
"Городской округ ""Город Архангельск""";Кафе «Куба»;Кафе;2;круглогодично;круглогодично;нет данных;нет данных;нет данных;нет данных;нет данных;нет данных;нет данных;нет данных;нет данных
"Городской округ ""Город Архангельск""";"Кафе ""Грядка""";Кафе;25;круглогодично;круглогодично;нет данных;нет данных;нет данных;нет данных;нет данных;нет данных;нет данных;нет данных;нет данных
"Городской округ ""Город Архангельск""";"Кафе-бар ""29""";Кафе;3;круглогодично;круглогодично;нет данных;нет данных;нет данных;нет данных;нет данных;нет данных;нет данных;нет данных;нет данных
"Городской округ ""Город Архангельск""";Паб (бар) Берлога Паб;бар;2;круглогодично;круглогодично;нет данных;нет данных;нет данных;нет данных;нет данных;нет данных;нет данных;нет данных;нет данных
"Городской округ ""Город Архангельск""";Кафе-магазин разливного пива;Кафе;5;круглогодично;круглогодично;нет данных;нет данных;нет данных;нет данных;нет данных;нет данных;нет данных;нет данных;нет данных
"Городской округ ""Город Архангельск""";"Кафе ""KFC""";Кафе;5;круглогодично;круглогодично;нет данных;нет данных;нет данных;нет данных;нет данных;нет данных;нет данных;нет данных;нет данных
"Городской округ ""Город Архангельск""";Кафе-парк;Кафе;4;круглогодично;круглогодично;нет данных;нет данных;нет данных;нет данных;нет данных;нет данных;нет данных;нет данных;нет данных
"Городской округ ""Город Архангельск""";"Кафе ""Кофе Лайк""";Кафе;2;круглогодично;круглогодично;нет данных;нет данных;нет данных;нет данных;нет данных;нет данных;нет данных;нет данных;нет данных
"Городской округ ""Город Архангельск""";"Кафе ""Сушикраб""";Кафе;3;круглогодично;круглогодично;нет данных;нет данных;нет данных;нет данных;нет данных;нет данных;нет данных;нет данных;нет данных
"Городской округ ""Город Архангельск""";"Кафе ""Шаурма Хаус""";Кафе;2;круглогодично;круглогодично;нет данных;нет данных;нет данных;нет данных;нет данных;нет данных;нет данных;нет данных;нет данных
"Городской округ ""Город Архангельск""";"Кафе ""Вкус суши""";Кафе;5;круглогодично;круглогодично;нет данных;нет данных;нет данных;нет данных;нет данных;нет данных;нет данных;нет данных;нет данных
"Городской округ ""Город Архангельск""";"Столовая ""Харчо""";Столовая;6;круглогодично;круглогодично;нет данных;нет данных;нет данных;нет данных;нет данных;нет данных;нет данных;нет данных;нет данных
"Городской округ ""Город Архангельск""";"Столовая ""По домашнему""";Столовая;7;круглогодично;круглогодично;нет данных;нет данных;нет данных;нет данных;нет данных;нет данных;нет данных;нет данных;нет данных
"Городской округ ""Город Архангельск""";Кафе «Блин Хауз»;Кафе;21;круглогодично;круглогодично;нет данных;нет данных;нет данных;нет данных;нет данных;нет данных;нет данных;нет данных;нет данных
"Городской округ ""Город Архангельск""";Кафе-бар «Фонтан»;Кафе;10;круглогодично;круглогодично;нет данных;нет данных;нет данных;нет данных;нет данных;нет данных;нет данных;нет данных;нет данных
"Городской округ ""Город Архангельск""";Бар «Оригинал» ;бар;15;круглогодично;круглогодично;нет данных;нет данных;нет данных;нет данных;нет данных;нет данных;нет данных;нет данных;нет данных
"Городской округ ""Город Архангельск""";Кафе-пиццерия «Оригинал» ;Кафе;9;круглогодично;круглогодично;нет данных;нет данных;нет данных;нет данных;нет данных;нет данных;нет данных;нет данных;нет данных
"Городской округ ""Город Архангельск""";Кафетерий «Под мостом»;Кафе;1;круглогодично;круглогодично;нет данных;нет данных;нет данных;нет данных;нет данных;нет данных;нет данных;нет данных;нет данных
"Городской округ ""Город Архангельск""";Кулинария «Двинские»;Кафе;2;круглогодично;круглогодично;нет данных;нет данных;нет данных;нет данных;нет данных;нет данных;нет данных;нет данных;нет данных
"Городской округ ""Город Архангельск""";Бар «Пивная лавка»;бар;2;круглогодично;круглогодично;нет данных;нет данных;нет данных;нет данных;нет данных;нет данных;нет данных;нет данных;нет данных
"Городской округ ""Город Архангельск""";Бар «Метелица»;бар;3;круглогодично;круглогодично;нет данных;нет данных;нет данных;нет данных;нет данных;нет данных;нет данных;нет данных;нет данных
"Городской округ ""Город Архангельск""";"Кафе ""Грядка""";Кафе;5;круглогодично;круглогодично;нет данных;нет данных;нет данных;нет данных;нет данных;нет данных;нет данных;нет данных;нет данных
"Городской округ ""Город Архангельск""";Столовая «Грядка»;Столовая;4;круглогодично;круглогодично;нет данных;нет данных;нет данных;нет данных;нет данных;нет данных;нет данных;нет данных;нет данных
"Городской округ ""Город Архангельск""";"Столовая ""Мама Арни""";Столовая;5;круглогодично;круглогодично;нет данных;нет данных;нет данных;нет данных;нет данных;нет данных;нет данных;нет данных;нет данных
"Городской округ ""Город Архангельск""";Кафе «Меридиан»;Кафе;15;круглогодично;круглогодично;нет данных;нет данных;нет данных;нет данных;нет данных;нет данных;нет данных;нет данных;нет данных
"Городской округ ""Город Архангельск""";"Кафе ""Грядка""";Кафе;16;круглогодично;круглогодично;нет данных;нет данных;нет данных;нет данных;нет данных;нет данных;нет данных;нет данных;нет данных
"Городской округ ""Город Архангельск""";Кафе «Винегрет»;Кафе;3;круглогодично;круглогодично;нет данных;нет данных;нет данных;нет данных;нет данных;нет данных;нет данных;нет данных;нет данных
"Городской округ ""Город Архангельск""";"Кафе ""Леоград"" 3 этаж ТЦ ""Соломбала молл""";Кафе;10;круглогодично;круглогодично;нет данных;нет данных;нет данных;нет данных;нет данных;нет данных;нет данных;нет данных;нет данных
"Городской округ ""Город Архангельск""";"Кафе ""Сабвей"" 3 этаж ТЦ ""Соломбала молл""";Кафе;6;круглогодично;круглогодично;нет данных;нет данных;нет данных;нет данных;нет данных;нет данных;нет данных;нет данных;нет данных
"Городской округ ""Город Архангельск""";"Кафе ""Ромштекс в Соломбале""";Кафе;10;круглогодично;круглогодично;нет данных;нет данных;нет данных;нет данных;нет данных;нет данных;нет данных;нет данных;нет данных
"Городской округ ""Город Архангельск""";"Кафе-пиццерия ""Инфинити""";Кафе;8;круглогодично;круглогодично;нет данных;нет данных;нет данных;нет данных;нет данных;нет данных;нет данных;нет данных;нет данных
"Городской округ ""Город Архангельск""";Бар «Кружка»;Кафе;2;круглогодично;круглогодично;нет данных;нет данных;нет данных;нет данных;нет данных;нет данных;нет данных;нет данных;нет данных
"Городской округ ""Город Архангельск""";"Бар ""Пилот""";бар;2;круглогодично;круглогодично;нет данных;нет данных;нет данных;нет данных;нет данных;нет данных;нет данных;нет данных;нет данных
"Городской округ ""Город Архангельск""";"Бар ""Секретное место""";бар;2;круглогодично;круглогодично;нет данных;нет данных;нет данных;нет данных;нет данных;нет данных;нет данных;нет данных;нет данных
"Городской округ ""Город Архангельск""";"Пивной бар ""Кего""";бар;;круглогодично;круглогодично;нет данных;нет данных;нет данных;нет данных;нет данных;нет данных;нет данных;нет данных;нет данных
"Городской округ ""Город Архангельск""";Бар  «Кофе «Калипсо»;бар;4;круглогодично;круглогодично;нет данных;нет данных;нет данных;нет данных;нет данных;нет данных;нет данных;нет данных;нет данных
"Городской округ ""Город Архангельск""";"Кулинария ""Кушать подано""";Столовая;2;круглогодично;круглогодично;нет данных;нет данных;нет данных;нет данных;нет данных;нет данных;нет данных;нет данных;нет данных
"Городской округ ""Город Архангельск""";"Буфет-кондитерская ""Буфет № 5"" 1 этаж ТЦ ""Соломбала молл""";Столовая;4;круглогодично;круглогодично;нет данных;нет данных;нет данных;нет данных;нет данных;нет данных;нет данных;нет данных;нет данных
"Городской округ ""Город Архангельск""";Столовая «Горячие обеды «Романовъ»;Столовая;12;круглогодично;круглогодично;нет данных;нет данных;нет данных;нет данных;нет данных;нет данных;нет данных;нет данных;нет данных
с. Яренск, ул. Трудовая, 9 тел. 8/81859/5-22-27, 5-27-47;"Кафе ""Огонёк""";Кафе;10;круглогодично;круглогодично;200;270;3000;2000;1000;1000;2000;2000;2000
с.Яренск, ул. И.Фиолетова, 1в 89116724671;"Кафе ""TODES""";Кафе;4;круглогодично;круглогодично;50;350;500;500;200;200;200;500;500
п. Урдома, ул. Паламышская,8 8/81859/6-34-60;"Ресторан ""Колизей""";ресторан;8;круглогодично;круглогодично;120;500;3000;2000;0;1200;1500;1500;1500
с.Яренск, ул. Дубинина,54, 8/81859/5-28-45;"Кафе ""Катерина""";Кафе;4;круглогодично;круглогодично;30;270;1500;1200;500;500;1200;1200;1200
п.Урдома, ул. Калинина,21  8/81859/6-66-05;"кафе ""Белкин дом""";Кафе;7;круглогодично;круглогодично;30;270;1500;1200;500;500;1200;1200;1200
п. Урдома, ул. Гагарина,1;"Пиццерия ""Верона""";Кафе;4;круглогодично;круглогодично;30;350;1700;1500;1200;500;500;0;0
п. Урдома, ул. Калинина,5 8/81859/6-36-67;"Кафе ""Северные зори""";Кафе;6;круглогодично;круглогодично;50;270;1500;1200;500;500;1200;1200;1200
Город Мезень;Кафе Райпо;Кафе;6;круглогодично;круглогодично;100;300;1200;1000;800;600;0;0;0
Каргопольский муниципальный округ, д. Усачевская, пер. Школьный, д.4;"""Ромашка""";кафе;4;круглогодично;круглогодично;25;300;3200;2500;;;;0;0
Каргопольский муниципальный округ, д. Бронево, ул. Архангельская,д. 1;"""Валерия""";кафе;2;круглогодично;круглогодично;30;300;2000;1800;1800;1800;1800;1800;1600
г. Каргополь, пр.Октябрьский , д. 113 б;"""Малиновка""";кафе;;круглогодично;круглогодично;40;350;2000;2000;2000;2172;;;
г. Каргополь, ул. Гагарина,  д. 9;"""Шелковня""";кафе;5;круглогодично;круглогодично;30;300;3000;2800;;;;;
г. Каргополь, ул. Ленинградская, д.13;"""На Ленинградской""";кафе;5;круглогодично;круглогодично;25;300;2500;2500;;;;;
г. Каргополь, ул. Гагарина, д. 9 (2 этаж);"""Рашен Сушен""";кафе;6;круглогодично;круглогодично;20;350;3500;3200;3000;;;;
г. Каргополь, ул. Набережная им. Баранова, д.32, (2 этаж);"""Аляска""";кафе;2;круглогодично;круглогодично;25;350;2000;2500;2500;;;;
д. Шелоховская, ул.  Архангельская , д. 1г;"""Мельница""";кафе;3;круглогодично;круглогодично;20;300;2000;2000;;;;;
г. Каргополь, ул. Ленинградская,  д.4;"""Онега""";кафе;4;круглогодично;круглогодично;15;300;500;600;;;;;
д. Гавриловская, д. 42;"""Поляна""";кафе;2;круглогодично;круглогодично;30;300;2500;3000;3000;3000;3000;2500;
г. Шенкурск;"Кафе ""Шенкурский пасад""";кафе;18;круглогодично;круглогодично;800;250-300;информация не собирается;информация не собирается;информация не собирается;информация не собирается;информация не собирается;информация не собирается;информация не собирается
г. Шенкурск;кафетерий  ;кафе;3;круглогодично;круглогодично;288;150;;;;;;;
г. Шенкурск;"кафе ""Метелица""";кафе;2;круглогодично;круглогодично;560;300;;;;;;;
г. Шенкурск;"кафе ""Теремок""";кафе;13;круглогодично;круглогодично;1728;250-300;;;;;;;
г. Шенкурск;"кафе ""Узбекская кухня""";кафе;5;круглогодично;круглогодично;520;200;;;;;;;
г. Шенкурск;"кафе ""Встреча""";кафе;1;круглогодично;круглогодично;528;250-300;;;;;;;
г. Шенкурск;"кафе ""Дорожное""";кафе;4;круглогодично;круглогодично;336;250-300;;;;;;;
п. Приводино;"кафе ""Счасливый день""";Кафе;8;круглогодично;круглогодично;150;305;9100;4000;2000;8000;8000;;0
Км 451+360 автодороги «Урень-Шарья-Никольск-Котлас»;"кафе ""Гостиный двор""";Кафе;6;круглогодично;круглогодично;200;305;10900;5450;3000;9000;9000;;
д.Куимиха;"кафе ""Чайный домик""";Кафе;8;круглогодично;круглогодично;200;300;18000;10000;7000;18000;18000;18000;
п.Коноша;"кафе ""Смак""";Кафе;2;круглогодично;круглогодично;50;100;18000;17000;0;0;0;0;0
п.Коноша;"кафе ""Меридиан""";Кафе;2;круглогодично;круглогодично;30;300;11000;10000;10000;16000;17000;16000;15000
п.Коноша;"кафе ""Frech"" на пр. Октябрьском ";Кафе;6;круглогодично;круглогодично;200;350;14000;0;0;0;0;0;0
п.Коноша;"кафе ""Frech"" на ул. Молодежная ";Кафе;9;круглогодично;круглогодично;150;350;13000;13000;4500;0;0;0;0
п.Коноша;"гриль-бар ""Дача""";бар;2;круглогодично;круглогодично;20;250;7300;4300;0;0;0;0;0
п.Коноша;"бар ""Пирамида""";бар;2;круглогодично;круглогодично;85;250;4700;0;0;0;0;0;0
п.Подюга Коношского р-на;"кафе ""Лаванда""";Кафе;3;круглогодично;круглогодично;20;200;560;0;0;0;0;0;0
Лешуконское;"ПО ""Устьвашка""";Кафе;10;круглогодично;круглогодично;300;300;2000;1900;1500;1500;1000;0;0
Город1;Ресторан Вега;Кафе;15;круглогодично;круглогодично;1000;300;2000;2000;2000;1500;1000;0;0
с. Илинско- Подомское;Закусочная с.И-Подомское; ;5;круглогодично;круглогодично;50;300; ; ; ; ; ; ; 
с. Илинско- Подомское;Кафе-пиццерия;Кафе-пиццерия;4;круглогодично;круглогодично;100;350; ; ; ; ; ; ; 
с. Илинско- Подомское;Кафе «Винтаж»;Кафе;2;круглогодично;круглогодично;40;250; ; ; ; ; ; ; 
Конгур;Кафе- Бар Конгур;Кафе- Бар;2;круглогодично;круглогодично;40;320; ; ; ; ; ; ; 
с. Вилегодск;Кафе-магазин «Пригодино»;Кафе-магазин ;2;круглогодично;круглогодично;30;300; ; ; ; ; ; ; 
п. Широкий-Прилук;Кафе «Родник»;Кафе;4;круглогодично;круглогодично;100;320; ; ; ; ; ; ; 
Котлас;«Сапфир»;Ресторан;35;круглогодично;круглогодично;-;-;-;-;-;-;-;-;-
Котлас;«Родня»;Ресторан;7;круглогодично;круглогодично;-;-;-;-;-;-;-;-;-
Котлас;«Гранат»;Ресторан;6;круглогодично;круглогодично;-;-;-;-;-;-;-;-;-
Котлас;«Легенда»;Ресторан;20;круглогодично;круглогодично;-;-;-;-;-;-;-;-;-
Котлас;«Медведь»;Ресторан;15;круглогодично;круглогодично;-;-;-;-;-;-;-;-;-
Котлас;«Апельсин»;Ресторан;26;круглогодично;круглогодично;-;-;-;-;-;-;-;-;-
Котлас;«Кофетаун»;Кафе;17;круглогодично;круглогодично;-;-;-;-;-;-;-;-;-
Котлас;«Рататуй»;Кафе;20;круглогодично;круглогодично;-;-;-;-;-;-;-;-;-
Котлас;«Глобус»;Кафе;20;круглогодично;круглогодично;-;-;-;-;-;-;-;-;-
Котлас;«Панорама»;Кафе;15;круглогодично;круглогодично;-;-;-;-;-;-;-;-;-
Котлас;«Пена и соль»;Кафе;2;круглогодично;круглогодично;-;-;-;-;-;-;-;-;-
Котлас;«Корона»;Кафе;3;круглогодично;круглогодично;-;-;-;-;-;-;-;-;-
Котлас;«Русь»;Кафе;23;круглогодично;круглогодично;-;-;-;-;-;-;-;-;-
Котлас;«Дружба»;Кафе;2;круглогодично;круглогодично;-;-;-;-;-;-;-;-;-
Архангельская область, Приморский район, пос.Соловецкий, ул.Заозерная, д.4, корп.1;"""Кают-компания""";Кафе;4;июнь;сентябрь;информация не предоставлена;информация не предоставлена;информация не предоставлена;информация не предоставлена;информация не предоставлена;информация не предоставлена;информация не предоставлена;информация не предоставлена;информация не предоставлена
Архангельская область, Приморский район, пос.Соловецкий, ул.Заозерная, д.26;"""Изба""";Ресторан;10;июнь;сентябрь;информация не предоставлена;информация не предоставлена;информация не предоставлена;информация не предоставлена;информация не предоставлена;информация не предоставлена;информация не предоставлена;информация не предоставлена;информация не предоставлена
Архангельская область, Приморский район, пос.Соловецкий, ул.Заозерная, д.17А;"""Соловецкая Слобода""";Ресторан;10;круглогодично;круглогодично;информация не предоставлена;информация не предоставлена;информация не предоставлена;информация не предоставлена;информация не предоставлена;информация не предоставлена;информация не предоставлена;информация не предоставлена;информация не предоставлена
Архангельская область, Приморский район, пос.Соловецкий, ул.Ковалева, д.15;«Старый карбас»;Кафе;4;круглогодично;круглогодично;информация не предоставлена;информация не предоставлена;информация не предоставлена;информация не предоставлена;информация не предоставлена;информация не предоставлена;информация не предоставлена;информация не предоставлена;информация не предоставлена
Архангельская область, Приморский район, пос.Соловецкий, ул.Ковалева, д.8;"""Соло Норд""";Кафе;4;круглогодично;круглогодично;информация не предоставлена;информация не предоставлена;информация не предоставлена;информация не предоставлена;информация не предоставлена;информация не предоставлена;информация не предоставлена;информация не предоставлена;информация не предоставлена
Архангельская область, Приморский район, набережная бухты Благополучия (Спасо-Преображенский Соловецкий ставропигиальный мужской монастырь);нет;Трапезная;4;июнь;сентябрь;информация не предоставлена;информация не предоставлена;информация не предоставлена;информация не предоставлена;информация не предоставлена;информация не предоставлена;информация не предоставлена;информация не предоставлена;информация не предоставлена
Архангельская область, Приморский район, пос.Соловецкий, ул.Северная (с правой стороны по проезду к причалу Хета);«Варяг»                  ;Кафе;информация не предоставлена;июнь;сентябрь;информация не предоставлена;информация не предоставлена;информация не предоставлена;информация не предоставлена;информация не предоставлена;информация не предоставлена;информация не предоставлена;информация не предоставлена;информация не предоставлена
Архангельская область, Приморский район, д.Малые Карелы, строение 1;"""Малые Карелы""";Ресторан;25;круглогодично;круглогодично;информация не предоставлена;информация не предоставлена;информация не предоставлена;информация не предоставлена;информация не предоставлена;информация не предоставлена;информация не предоставлена;информация не предоставлена;информация не предоставлена
"Архангельская область, Приморский район, СНТ ""Транспортник"", база отдыха ""Лукоморье"", строение 1";"""Лукоморье""";Ресторан;3;круглогодично;круглогодично;информация не предоставлена;информация не предоставлена;информация не предоставлена;информация не предоставлена;информация не предоставлена;информация не предоставлена;информация не предоставлена;информация не предоставлена;информация не предоставлена
"Архангельская область, Приморский район, пос.Беломорье, д.21, помещение 6 (санаторий ""Беломорье"")";нет;Столовая;8;круглогодично;круглогодично;информация не предоставлена;информация не предоставлена;информация не предоставлена;информация не предоставлена;информация не предоставлена;информация не предоставлена;информация не предоставлена;информация не предоставлена;информация не предоставлена
"Архангельская область, Приморский район, пос.Беломорье, д.21, помещение 6 (санаторий ""Беломорье"")";нет;Кафе;7;круглогодично;круглогодично;информация не предоставлена;информация не предоставлена;информация не предоставлена;информация не предоставлена;информация не предоставлена;информация не предоставлена;информация не предоставлена;информация не предоставлена;информация не предоставлена
Архангельская область, Приморский район, пос.Катунино, ул.Летчика Панкова, д.4;"""Апельсин""";Кафе;10;круглогодично;круглогодично;информация не предоставлена;информация не предоставлена;информация не предоставлена;информация не предоставлена;информация не предоставлена;информация не предоставлена;информация не предоставлена;информация не предоставлена;информация не предоставлена
